id,name,platform,r-date,score,user score,developer,genre,players,critics,users
1,The Legend of Zelda: Ocarina of Time,1,23-Nov-98,99,9.1,1,"Action Adventure,Fantasy",1 Player,22,5749
2,Tony Hawk's Pro Skater 2,2,20-Sep-00,98,7.4,2,"Sports,Alternative,Skateboarding",2 Player,19,647
3,Grand Theft Auto IV,3,29-Apr-08,98,7.6,3,"Action Adventure,Modern,Modern,Open-World",1 Player,64,3806
4,SoulCalibur,4,8-Sep-99,98,8.5,4,"Action,Fighting,3D",2 Player,24,324
5,Grand Theft Auto IV,5,29-Apr-08,98,7.9,3,"Action Adventure,Modern,Modern,Open-World",1 Player,86,3364
6,Super Mario Galaxy,6,12-Nov-07,97,9,1,"Action,Platformer,Platformer,3D,3D",No Online Multiplayer,73,3059
7,Super Mario Galaxy 2,6,23-May-10,97,9.1,5,"Action,Platformer,Platformer,3D,3D",No Online Multiplayer,87,2521
8,Red Dead Redemption 2,7,26-Oct-18,97,7.8,6,"Action Adventure,Open-World",Up to 32 ,33,3186
9,Grand Theft Auto V,7,18-Nov-14,97,7.8,3,"Action Adventure,Modern,Open-World",Up to 30 ,14,1285
10,Grand Theft Auto V,3,17-Sep-13,97,8.3,3,"Modern,Action Adventure,Modern,Open-World",Up to 16 ,50,4568
11,Grand Theft Auto V,5,17-Sep-13,97,8.3,3,"Modern,Action Adventure,Modern,Open-World",Up to 16 ,58,3905
12,Tony Hawk's Pro Skater 2,4,6-Nov-00,97,6.2,7,"Sports,Alternative,Skateboarding",No info,18,88
13,The Legend of Zelda: Breath of the Wild,8,3-Mar-17,97,8.6,1,"Action Adventure,Open-World",No Online Multiplayer,109,15873
14,Tony Hawk's Pro Skater 3,9,28-Oct-01,97,7.6,2,"Sports,Alternative,Skateboarding",2 Player,34,406
15,Perfect Dark,1,22-May-00,97,8.9,8,"Action,Shooter,First-Person,Sci-Fi",No info,30,420
16,Red Dead Redemption 2,10,26-Oct-18,97,8.4,6,"Action Adventure,Open-World",Up to 32 ,99,14315
17,Grand Theft Auto V,10,18-Nov-14,97,8.4,3,"Action Adventure,Modern,Open-World",Up to 30 ,66,5899
18,Metroid Prime,11,17-Nov-02,97,9.2,9,"Action,Shooter,First-Person,Sci-Fi",1 Player,70,1113
19,Grand Theft Auto III,9,22-Oct-01,97,8.4,10,"Action Adventure,Modern",1 Player,56,881
20,Super Mario Odyssey,8,27-Oct-17,97,8.9,1,"Action,Platformer,3D",No Online Multiplayer,113,5546
21,Halo: Combat Evolved,12,14-Nov-01,97,8.5,11,"Action,Shooter,First-Person,Sci-Fi",4 Player,68,2052
22,NFL 2K1,4,7-Sep-00,97,6.4,12,"Sports,Traditional,Football,Sim",No info,22,67
23,Half-Life 2,13,16-Nov-04,96,9.1,13,"Action,Shooter,Shooter,First-Person,Sci-Fi,Sci-Fi,Arcade",No Online Multiplayer,81,10773
24,Grand Theft Auto V,13,13-Apr-15,96,7.8,3,"Modern,Action Adventure,Open-World",Up to 32 ,57,6661
25,The Legend of Zelda: Breath of the Wild,14,3-Mar-17,96,8.2,1,"Fantasy,Fantasy,Action Adventure,Open-World",No Online Multiplayer,13,2245
26,BioShock,5,21-Aug-07,96,8.9,14,"Action,Shooter,Shooter,First-Person,Sci-Fi,Sci-Fi,Arcade",No Online Multiplayer,88,2572
27,GoldenEye 007,1,25-Aug-97,96,9,8,"Action,Shooter,First-Person,Modern",4 Player,21,668
28,Uncharted 2: Among Thieves,3,13-Oct-09,96,8.8,15,"Action Adventure,Modern,Modern,Linear",No Online Multiplayer,105,6716
29,Resident Evil 4,11,11-Jan-05,96,9.2,16,"Action Adventure,Horror",1 Player,82,1596
30,The Orange Box,5,10-Oct-07,96,8.8,13,"Action,Miscellaneous,Shooter,Compilation,First-Person,Sci-Fi",Up to 16 ,54,879
31,The Orange Box,13,10-Oct-07,96,9.2,13,"Action,Miscellaneous,Shooter,Compilation,First-Person,Sci-Fi",Up to 32 ,34,1804
32,Batman: Arkham City,3,18-Oct-11,96,8.8,17,"Action Adventure,Fantasy,Fantasy,Open-World",No Online Multiplayer,42,2773
33,Tekken 3,2,29-Apr-98,96,9.1,4,"Action,Fighting,3D",2 Player,15,660
34,Mass Effect 2,5,26-Jan-10,96,8.9,18,"Role-Playing,Action RPG,Action RPG",No Online Multiplayer,98,3503
35,The Legend of Zelda: Twilight Princess,11,11-Dec-06,96,8.9,1,"Action Adventure,Fantasy",1 Player,16,823
36,The Elder Scrolls V: Skyrim,5,11-Nov-11,96,8.6,19,"Role-Playing,First-Person,First-Person,Western-Style",No Online Multiplayer,89,3954
37,Half-Life,13,19-Nov-98,96,9,13,"Action,Shooter,Shooter,First-Person,Sci-Fi,Sci-Fi,Arcade",Online Multiplayer,24,4321
38,Resident Evil 4,9,25-Oct-05,96,9,16,"Action Adventure,Horror",1 Player,38,1628
39,The Legend of Zelda: The Wind Waker,11,24-Mar-03,96,9,1,"Action Adventure,Fantasy",1 Player,80,1370
40,Gran Turismo,2,30-Apr-98,96,8.7,20,"Driving,Racing,GT / Street",2 Player,16,269
41,BioShock,13,21-Aug-07,96,8.6,14,"Action,Shooter,Shooter,First-Person,Sci-Fi,Sci-Fi,Arcade",No Online Multiplayer,44,4814
42,Metal Gear Solid 2: Sons of Liberty,9,12-Nov-01,96,8.8,21,"Action Adventure,Modern",1 Player,42,1545
43,Grand Theft Auto Double Pack,12,31-Oct-03,96,8,3,"Miscellaneous,Compilation",1 Player,33,91
44,Baldur's Gate II: Shadows of Amn,13,24-Sep-00,95,9.1,18,"Role-Playing,PC-style RPG,PC-style RPG,Western-Style",Up to 6 ,30,1433
45,Grand Theft Auto: San Andreas,9,26-Oct-04,95,9.1,3,"Action Adventure,Modern",2 Player,80,2444
46,Grand Theft Auto: Vice City,9,27-Oct-02,95,8.8,3,"Action Adventure,Modern",1 Player,62,1092
47,LittleBigPlanet,3,27-Oct-08,95,6.8,22,"Action,Platformer,Platformer,3D,2D,3D",Up to 4 ,85,5533
48,The Legend of Zelda Collector's Edition,11,17-Nov-03,95,9,1,"Action Adventure,Fantasy",1 Player,8,194
49,Red Dead Redemption,3,18-May-10,95,8.9,23,"Action,Shooter,Third-Person,Historic,Action Adventure,Historic,Historic,Open-World",Up to 16 ,73,3371
50,Gran Turismo 3: A-Spec,9,9-Jul-01,95,8.4,20,"Driving,Racing,GT / Street",2 Player,54,386
51,Halo 2,12,9-Nov-04,95,8.4,11,"Action,Shooter,First-Person,Sci-Fi",16 Player,91,1656
52,The Legend of Zelda: A Link to the Past,15,3-Dec-02,95,9,16,"Action Adventure,Fantasy",No info,30,524
53,The Legend of Zelda: Majora's Mask,1,25-Oct-00,95,9.2,1,"Action Adventure,Fantasy",1 Player,27,1198
54,The Last of Us,3,14-Jun-13,95,9.2,15,"Modern,Adventure,General,Action Adventure,General,Modern",Up to 8 ,98,11982
55,The Legend of Zelda: Twilight Princess,6,19-Nov-06,95,8.9,1,"Action Adventure,Fantasy,General,Fantasy,Open-World",No Online Multiplayer,73,2060
56,Madden NFL 2003,9,12-Aug-02,95,7.5,24,"Sports,Traditional,Football,Sim",2 Player,25,66
57,Tony Hawk's Pro Skater 2,15,30-May-01,95,6.8,25,"Sports,Alternative,Skateboarding",No info,16,38
58,Persona 5 Royal,10,31-Mar-20,95,8.2,26,"Role-Playing,Japanese-Style",No Online Multiplayer,71,2593
59,The Last of Us Remastered,10,29-Jul-14,95,9.2,15,"Action Adventure,General,Modern",Up to 8 ,70,14563
60,Portal 2,13,18-Apr-11,95,9.1,13,"Action,Shooter,Shooter,First-Person,Sci-Fi,Sci-Fi,Arcade",No info,52,7482
61,Red Dead Redemption,5,18-May-10,95,9,23,"Action,Action Adventure,Shooter,Historic,Historic,Open-World,Third-Person,Historic",Up to 16 ,96,2847
62,Portal 2,5,19-Apr-11,95,8.7,13,"Action,Shooter,Shooter,First-Person,Sci-Fi,Sci-Fi,Arcade",2 Player,66,1073
63,Metal Gear Solid V: The Phantom Pain,7,1-Sep-15,95,7.4,27,"Modern,Modern,Action Adventure,Open-World",Up to 16 ,10,1173
64,Portal 2,3,19-Apr-11,95,8.5,13,"Action,Shooter,Shooter,First-Person,Sci-Fi,Sci-Fi,Arcade",2 Player,54,1030
65,World of Goo,6,13-Oct-08,94,8.7,28,"Miscellaneous,Puzzle,Action,Puzzle,General,Puzzle,General",4 Player,21,378
66,The Elder Scrolls V: Skyrim,13,10-Nov-11,94,8.3,19,"Role-Playing,First-Person,First-Person,Western-Style",No Online Multiplayer,32,11301
67,BioShock Infinite,3,26-Mar-13,94,8.5,29,"Action,Shooter,Shooter,First-Person,Sci-Fi,Sci-Fi,Arcade",No Online Multiplayer,27,2207
68,Final Fantasy IX,2,13-Nov-00,94,9,30,"Role-Playing,Console-style RPG",1 Player,22,1280
69,Call of Duty: Modern Warfare 2,3,10-Nov-09,94,6.6,31,"Action,Shooter,Shooter,First-Person,Modern,Modern,Arcade",Up to 18 ,67,2362
70,God of War,10,20-Apr-18,94,9.2,32,"Action Adventure,Linear",No Online Multiplayer,118,16298
71,Tony Hawk's Pro Skater 4,9,23-Oct-02,94,8.4,2,"Sports,Alternative,Skateboarding",8 Player,27,182
72,Devil May Cry,9,16-Oct-01,94,8.6,16,"Action Adventure,Fantasy",1 Player,37,790
73,Call of Duty 4: Modern Warfare,3,5-Nov-07,94,8.4,31,"Action,Shooter,Shooter,First-Person,Modern,Modern,Arcade",Up to 18 ,44,1170
74,Madden NFL 2002,9,19-Aug-01,94,7.3,24,"Sports,Traditional,Football,Sim",8 Player,23,49
75,Batman: Arkham City,5,18-Oct-11,94,8.7,17,"Action Adventure,Fantasy,Fantasy,Open-World",No Online Multiplayer,87,1682
76,Mass Effect 2,13,26-Jan-10,94,8.9,18,"Role-Playing,Action RPG,Action RPG",No Online Multiplayer,55,4972
77,The Legend of Zelda: Ocarina of Time 3D,16,19-Jun-11,94,9,33,"Miscellaneous,Action Adventure,Fantasy,Fantasy,Compilation,Open-World",No Online Multiplayer,85,1625
78,Chrono Cross,2,15-Aug-00,94,8.8,30,"Role-Playing,Console-style RPG",1 Player,16,412
79,Celeste,7,26-Jan-18,94,7.1,34,"Action,Platformer,2D",No Online Multiplayer,10,268
80,BioShock,3,21-Oct-08,94,8.8,35,"Action,Shooter,Shooter,First-Person,Sci-Fi,Sci-Fi,Arcade",No Online Multiplayer,51,1136
81,Mass Effect 2,3,17-Jan-11,94,8.6,18,"Role-Playing,Action RPG,Action RPG",No Online Multiplayer,62,1243
82,Grand Theft Auto: Vice City,13,12-May-03,94,8.8,3,"Action Adventure,Modern,Modern,Open-World",No Online Multiplayer,30,2435
83,Madden NFL 2004,9,12-Aug-03,94,8.2,36,"Sports,Traditional,Football,Sim",8 Player,29,147
84,Gears of War,5,7-Nov-06,94,8.3,37,"Action,Shooter,Shooter,Third-Person,Sci-Fi,Sci-Fi,Arcade",8  Online,88,2653
85,The Elder Scrolls IV: Oblivion,5,20-Mar-06,94,8.7,38,"Role-Playing,First-Person,First-Person,Western-Style",No Online Multiplayer,90,1257
86,Sid Meier's Civilization II,13,29-Feb-96,94,8.8,39,"Strategy,Turn-Based,Historic,General,Historic,4X",1 Player,7,450
87,Quake,13,22-Jun-96,94,8.8,40,"Action,Shooter,Shooter,First-Person,Sci-Fi,Sci-Fi,Arcade",16 Player,9,813
88,Call of Duty 4: Modern Warfare,5,5-Nov-07,94,8.5,31,"Action,Shooter,Shooter,First-Person,Modern,Modern,Arcade",Up to 18 ,70,1467
89,BioShock Infinite,13,25-Mar-13,94,8.6,29,"Action,Shooter,Shooter,First-Person,Sci-Fi,Sci-Fi,Arcade",No Online Multiplayer,68,8729
90,Halo 3,5,25-Sep-07,94,8,41,"Action,Shooter,Shooter,First-Person,Sci-Fi,Sci-Fi,Arcade",4 Player,86,4729
91,Ninja Gaiden Black,12,20-Sep-05,94,8.8,42,"Action Adventure,Fantasy",1 Player,32,177
92,The Elder Scrolls IV: Oblivion,13,20-Mar-06,94,8.1,38,"Role-Playing,First-Person,First-Person,Western-Style",No Online Multiplayer,54,3069
93,Street Fighter IV,3,17-Feb-09,94,7.4,16,"Action,Fighting,Fighting,3D,2D,3D",2  Online,61,391
94,Super Mario Advance 4: Super Mario Bros. 3,15,21-Oct-03,94,8.9,1,"Action,Platformer,2D",4 Player,25,203
95,Jet Grind Radio,4,30-Oct-00,94,8.1,43,"Action,Platformer,3D",No info,24,89
96,Metal Gear Solid,2,21-Oct-98,94,9.2,21,"Action Adventure,Modern",1 Player,20,1584
97,Grim Fandango,13,14-Oct-98,94,9.1,44,"Adventure,General,General,3D,Third-Person,Fantasy",No Online Multiplayer,15,685
98,Tom Clancy's Splinter Cell Chaos Theory,12,28-Mar-05,94,9,45,"Action Adventure,Modern",4  Online,70,218
99,Burnout 3: Takedown,12,7-Sep-04,94,7.7,46,"Driving,Racing,Arcade",8  Online,76,182
100,Diablo,13,31-Dec-96,94,8.7,47,"Role-Playing,Action RPG,Action RPG",Up to 4 ,12,1161
101,Metal Gear Solid 3: Subsistence,9,14-Mar-06,94,9.1,48,"Action Adventure,Modern",8  Online,53,657
102,Call of Duty: Modern Warfare 2,5,10-Nov-09,94,6.5,31,"Action,Shooter,Shooter,First-Person,Modern,Modern,Arcade",Up to 18 ,100,2957
103,Metal Gear Solid 4: Guns of the Patriots,3,12-Jun-08,94,8.8,49,"Action Adventure,Modern,General,Modern",Up to 16 ,82,4088
104,NCAA Football 2004,9,16-Jul-03,94,8.3,24,"Sports,Traditional,Football,Sim",8 Player,15,86
105,God of War,9,22-Mar-05,94,8.9,32,"Action Adventure,Fantasy",1 Player,75,1679
106,Star Wars: Knights of the Old Republic,12,17-Jul-03,94,9.1,18,"Role-Playing,Third-Person",1 Player,72,409
107,Sid Meier's Civilization IV,13,25-Oct-05,94,8.3,50,"Strategy,Turn-Based,Historic,Historic,4X",Online Multiplayer,50,1070
108,Madden NFL 2004,11,12-Aug-03,94,7.1,36,"Sports,Traditional,Football,Sim",4 Player,19,25
109,Virtua Fighter 4,9,17-Mar-02,94,8.1,51,"Action,Fighting,3D",2 Player,36,95
110,Super Mario 64,1,26-Sep-96,94,9.2,1,"Action,Platformer,3D",1 Player,13,1274
111,The Witcher 3: Wild Hunt,13,18-May-15,93,9.4,52,"Action RPG,Role-Playing,Action RPG",No Online Multiplayer,32,17537
112,Burnout 3: Takedown,9,7-Sep-04,93,9,46,"Driving,Racing,Arcade",16 Player,52,385
113,Super Smash Bros. Brawl,6,9-Mar-08,93,8.8,53,"Action,Fighting,Fighting,3D,2D,3D",Up to 4 ,81,2022
114,Company of Heroes,13,13-Sep-06,93,8.8,54,"Strategy,Real-Time,Historic,General,Historic",8  Online,55,1336
115,Gran Turismo 2,2,30-Nov-99,93,9,20,"Driving,Racing,GT / Street",2 Player,23,246
116,The Last of Us Part II,10,19-Jun-20,93,5.7,15,"General,Action Adventure,Survival",No Online Multiplayer,121,146262
117,Tom Clancy's Splinter Cell Pandora Tomorrow,12,23-Mar-04,93,8.6,55,"Action Adventure,Modern",4 Player,74,95
118,Grand Theft Auto: Chinatown Wars,17,17-Mar-09,93,8.3,56,"Action Adventure,Modern,Modern,Open-World",No info,85,334
119,Divinity: Original Sin II - Definitive Edition,8,4-Sep-19,93,8.6,57,"Role-Playing,Western-Style",Up to 4 ,17,279
120,Pac-Man Championship Edition DX,5,17-Nov-10,93,7.6,58,"Adventure,General,Action,General,General,Arcade",No info,43,140
121,Street Fighter Alpha 3,2,30-Apr-99,93,8.5,16,"Action,Fighting,2D",2 Player,12,88
122,Tony Hawk's Pro Skater 3,12,4-Mar-02,93,7.6,2,"Sports,Alternative,Skateboarding",4 Player,22,21
123,Hades,8,17-Sep-20,93,9.1,59,"Action Adventure,General,Linear",No Online Multiplayer,42,210
124,Half-Life: Alyx,13,23-Mar-20,93,9.1,13,"Action,First-Person,Shooter,Arcade",No Online Multiplayer,68,2104
125,Divinity: Original Sin II,13,14-Sep-17,93,8.8,60,"Action RPG,Role-Playing,Western-Style",Up to 4 ,72,1946
126,Unreal Tournament 2004,13,16-Mar-04,93,8.8,37,"Action,Shooter,Shooter,First-Person,Sci-Fi,Sci-Fi,Arcade",32 Player,48,719
127,BioShock Infinite,5,26-Mar-13,93,8.6,29,"Action,Shooter,Shooter,First-Person,Sci-Fi,Sci-Fi,Arcade",No Online Multiplayer,33,1814
128,Braid,5,6-Aug-08,93,8.5,61,"Action,Platformer,Platformer,2D,2D",1 Player,57,464
129,God of War II,9,13-Mar-07,93,8.9,32,"Action Adventure,Fantasy",1 Player,70,1215
130,Super Mario 3D World,14,22-Nov-13,93,8.9,1,"Platformer,3D,Action,Platformer,3D",No Online Multiplayer,83,2001
131,Ori and the Will of the Wisps,8,17-Sep-20,93,8.9,62,"Action,Platformer,2D",No Online Multiplayer,20,145
132,Starcraft II: Wings of Liberty,13,27-Jul-10,93,8.3,47,"Strategy,Real-Time,Sci-Fi,Command",Up to 4 ,82,3477
133,SSX,9,30-Oct-00,93,8.2,63,"Sports,Alternative,Snowboarding",2 Player,35,55
134,Street Fighter IV,5,17-Feb-09,93,7.3,16,"Action,Fighting,Fighting,3D,2D,3D",2  Online,77,322
135,Minecraft,13,18-Nov-11,93,7.9,64,"Action Adventure,Adventure,3D,Sandbox,First-Person,Fantasy,Fantasy",Up to 10 ,33,5818
136,Undertale,8,18-Sep-18,93,8,65,"Role-Playing,Japanese-Style",No Online Multiplayer,8,353
137,Persona 4 Golden,18,20-Nov-12,93,8.6,26,"Role-Playing,Console-style RPG,Console-style RPG,Japanese-Style",Up to 40 ,61,1700
138,Persona 5,10,4-Apr-17,93,8.7,26,"Role-Playing,Japanese-Style",No Online Multiplayer,98,4717
139,Red Dead Redemption 2,13,5-Nov-19,93,5.5,6,"Action Adventure,Open-World",Up to 32 ,44,3546
140,SSX 3,9,20-Oct-03,93,8.8,66,"Sports,Alternative,Snowboarding",2 Player,41,178
141,Tom Clancy's Splinter Cell,12,17-Nov-02,93,8.6,45,"Action Adventure,Modern",1 Player,46,142
142,Grand Theft Auto III,13,20-May-02,93,8.3,67,"Action Adventure,Modern,Modern,Open-World",No Online Multiplayer,20,1254
143,Quake III Arena,4,22-Oct-00,93,8.3,68,"Action,Shooter,First-Person,Sci-Fi",No info,25,75
144,Homeworld,13,31-Aug-99,93,8.8,54,"Strategy,Real-Time,Sci-Fi,Sci-Fi,General,Command",8 Player,20,383
145,Okami,9,19-Sep-06,93,9.1,69,"Action Adventure,Fantasy",1 Player,69,470
146,The Elder Scrolls IV: Oblivion,3,20-Mar-07,93,8.1,70,"Role-Playing,First-Person,First-Person,Western-Style",No Online Multiplayer,45,672
147,Fallout 3,5,28-Oct-08,93,8.5,19,"Role-Playing,First-Person,First-Person,Western-Style",No Online Multiplayer,84,1855
148,Gears of War 2,5,7-Nov-08,93,7.8,37,"Action,Shooter,Shooter,Third-Person,Sci-Fi,Sci-Fi,Arcade",2 Player,90,3060
149,SoulCalibur II,11,27-Aug-03,93,8.9,4,"Action,Fighting,3D",2 Player,45,185
150,World Soccer Winning Eleven 6 International,9,11-Mar-03,93,8.3,71,"Sports,Traditional,Soccer,Sim",8 Player,24,78
151,NFL 2K3,9,12-Aug-02,93,7.3,12,"Sports,Traditional,Football,Sim",2 Player,20,26
152,Mass Effect 3,5,6-Mar-12,93,5.9,18,"Role-Playing,Action RPG,Action RPG",Up to 4 ,74,3740
153,Metal Gear Solid V: The Phantom Pain,10,1-Sep-15,93,8.2,27,"Modern,Action Adventure,Modern,Open-World",Up to 16 ,86,5583
154,Skies of Arcadia,4,13-Nov-00,93,8.9,72,"Role-Playing,Console-style RPG",No info,21,125
155,The Legend of Zelda: Skyward Sword,6,20-Nov-11,93,8.1,1,"Action Adventure,Fantasy,General,Fantasy,Open-World",No Online Multiplayer,81,2401
156,Mario Kart Super Circuit,15,26-Aug-01,93,7.9,73,"Driving,Racing,Kart",4 Player,24,190
157,Rock Band 3,5,26-Oct-10,93,8,74,"Action,Miscellaneous,Rhythm,Music,Music",No info,57,148
158,Viewtiful Joe,11,7-Oct-03,93,8.3,69,"Action,Beat-'Em-Up",1 Player,52,138
159,Test Drive Le Mans,4,13-Nov-00,93,8.2,75,"Driving,Racing,GT / Street",No info,18,21
160,NBA 2K1,4,1-Nov-00,93,7.1,12,"Sports,Traditional,Basketball,Sim",No info,19,19
161,Castlevania: Symphony of the Night,2,2-Oct-97,93,9.2,76,"Action,Platformer,2D",1 Player,12,664
162,Star Wars: Knights of the Old Republic,13,18-Nov-03,93,9,18,"Role-Playing,Third-Person,Third-Person,General",No Online Multiplayer,33,2007
163,Virtua Fighter 4: Evolution,9,13-Aug-03,93,8.6,77,"Action,Fighting,3D",2 Player,30,65
164,Uncharted 4: A Thief's End,10,10-May-16,93,8.5,15,"General,Modern,Action Adventure,Linear",Up to 10 ,113,12333
165,Super Smash Bros. Ultimate,8,7-Dec-18,93,8.6,78,"Action,Fighting,2D",Up to 8 ,99,2819
166,Braid,3,12-Nov-09,93,7.8,79,"Action,Platformer,Platformer,2D,2D",1 Player,20,234
167,Mass Effect 3,3,5-Mar-12,93,5.7,18,"Role-Playing,Action RPG,Action RPG",Up to 4 ,30,1942
168,Paper Mario,1,5-Feb-01,93,9.1,73,"Role-Playing,Console-style RPG",No info,15,420
169,Wipeout XL,2,30-Sep-96,93,8.6,80,"Driving,Racing,Futuristic",2 Player,8,40
170,Grand Theft Auto: San Andreas,12,7-Jun-05,93,8.7,3,"Action Adventure,Modern",2 Player,58,165
171,Resident Evil 2,7,25-Jan-19,93,8.6,81,"Action Adventure,Survival",No Online Multiplayer,27,896
172,INSIDE,7,29-Jun-16,93,8.3,82,"Action,Platformer,2D",No info,87,662
173,World of Warcraft,13,23-Nov-04,93,7.4,47,"Role-Playing,Massively Multiplayer Online,Massively Multiplayer,Fantasy,Fantasy",Massively Multiplayer,57,2934
174,Grand Theft Auto: San Andreas,13,7-Jun-05,93,8.9,3,"Action Adventure,Modern,Modern,Open-World",No Online Multiplayer,47,3074
175,Flipnote Studio,17,12-Aug-09,93,7.5,1,"Miscellaneous,General,Application",No info,7,62
176,World Soccer Winning Eleven 7 International,9,17-Feb-04,93,8.3,71,"Sports,Traditional,Soccer,Sim",8 Player,28,57
177,NBA 2K2,4,24-Oct-01,93,7.3,12,"Sports,Traditional,Basketball,Sim",No info,12,22
178,SoulCalibur II,9,27-Aug-03,92,8.7,4,"Action,Fighting,3D",2 Player,41,161
179,The Elder Scrolls V: Skyrim,3,11-Nov-11,92,6.6,19,"Role-Playing,First-Person,First-Person,Western-Style",No Online Multiplayer,16,2704
180,Hades,13,17-Sep-20,92,9,59,"Action Adventure,General,Linear",No Online Multiplayer,50,335
181,Prince of Persia: The Sands of Time,12,12-Nov-03,92,7.8,83,"Action Adventure,Fantasy",1 Player,41,87
182,Call of Duty 4: Modern Warfare,13,5-Nov-07,92,8.5,31,"Action,Shooter,Shooter,First-Person,Modern,Modern,Arcade",Up to 18 ,40,3197
183,Forza Horizon 4,7,28-Sep-18,92,8.1,84,"Racing,Simulation,Automobile",Up to 12 ,88,1323
184,God of War III,3,16-Mar-10,92,8.8,32,"Action Adventure,Fantasy,Fantasy,Linear",No Online Multiplayer,101,3304
185,Divinity: Original Sin II - Definitive Edition,7,31-Aug-18,92,7.7,60,"Role-Playing,Western-Style",Online Multiplayer,12,129
186,NFL 2K3,11,21-Aug-02,92,7.1,12,"Sports,Traditional,Football,Sim",4 Player,24,13
187,SSX Tricky,9,5-Nov-01,92,8.8,66,"Sports,Alternative,Snowboarding",2 Player,33,100
188,NHL 2002,9,24-Sep-01,92,8.3,24,"Sports,Traditional,Ice Hockey,Sim",8 Player,22,26
189,Guitar Hero II,5,3-Apr-07,92,8.1,74,"Action,Miscellaneous,Rhythm,Music,Music",2 Player,55,236
190,Prince of Persia: The Sands of Time,9,6-Nov-03,92,8.8,83,"Action Adventure,Fantasy",1 Player,44,327
191,Uncharted 3: Drake's Deception,3,1-Nov-11,92,8.4,15,"Action Adventure,Modern,Modern,Linear",Up to 10 ,97,4611
192,Rock Band,5,20-Nov-07,92,8,74,"Action,Miscellaneous,Rhythm,Music,Music",4  Online,72,187
193,Journey,10,21-Jul-15,92,8.3,85,"Action,Platformer,3D",2 Player,45,2233
194,Bloodborne,10,24-Mar-15,92,8.9,86,"Fantasy,Role-Playing,Action Adventure,General,Action RPG",Up to 5 ,100,10394
195,Eternal Darkness: Sanity's Requiem,11,23-Jun-02,92,8.7,87,"Action Adventure,Horror",1 Player,41,219
196,Warcraft III: Reign of Chaos,13,3-Jul-02,92,9.2,47,"Strategy,Real-Time,Fantasy,General,Fantasy",No info,40,2041
197,SSX 3,11,20-Oct-03,92,8.7,66,"Sports,Alternative,Snowboarding",2 Player,27,54
198,The Sims,13,4-Feb-00,92,7.9,88,"Simulation,Miscellaneous,Virtual Life,Virtual,Virtual Life",,38,665
199,Banjo-Kazooie,1,31-May-98,92,9.1,8,"Action,Platformer,3D",1 Player,19,472
200,Sid Meier's Gettysburg!,13,30-Sep-97,92,7.4,50,"Strategy,Real-Time,Wargame,Real-Time,General",8 Player,7,40
201,Celeste,8,25-Jan-18,92,8.5,34,"Action,Platformer,2D",No Online Multiplayer,36,835
202,Rock Band 2,6,18-Dec-08,92,7.2,74,"Action,Miscellaneous,Rhythm,Music,Music",4  Online,10,50
203,Forza Motorsport,12,3-May-05,92,7.6,89,"Driving,Racing,GT / Street",8  Online,73,235
204,Madden NFL 2004,12,12-Aug-03,92,7.6,36,"Sports,Traditional,Football,Sim",4 Player,27,52
205,Super Street Fighter IV,3,27-Apr-10,92,7.8,16,"Action,Fighting,Fighting,3D,2D,3D",Up to 8 ,58,221
206,World Soccer Winning Eleven 7 International,13,9-Apr-04,92,6.8,71,"Sports,Traditional,Team,Soccer,Sim,Sim",2 Player,7,80
207,Advance Wars,15,9-Sep-01,92,8.9,73,"Strategy,Turn-Based,Modern",4 Player,28,134
208,Vagrant Story,2,15-May-00,92,9.1,30,"Role-Playing,Action RPG",1 Player,19,206
209,What Remains of Edith Finch,7,19-Jul-17,92,7.7,90,"Adventure,3D,First-Person",No Online Multiplayer,12,203
210,Team Fortress 2,13,10-Oct-07,92,9.1,13,"Action,Shooter,Shooter,First-Person,Modern,Tactical,Modern",Up to 32 ,17,6724
211,System Shock 2,13,11-Aug-99,92,9.1,91,"Action Adventure,Sci-Fi,Sci-Fi,Survival",1 Player,20,638
212,Tom Clancy's Splinter Cell: Chaos Theory,13,28-Mar-05,92,8.7,45,"Action Adventure,Modern,General,Modern",No Online Multiplayer,36,500
213,Final Fantasy XII,9,31-Oct-06,92,7.6,92,"Role-Playing,Console-style RPG",1 Player,64,1432
214,Undertale,10,15-Aug-17,92,6.9,65,"Role-Playing,Japanese-Style",No Online Multiplayer,18,755
215,Madden NFL 2003,11,12-Aug-02,92,7.4,24,"Sports,Traditional,Football,Sim",4 Player,13,18
216,The Witcher 3: Wild Hunt,10,19-May-15,92,9.2,52,"Action RPG,Role-Playing,Action RPG",No Online Multiplayer,79,15749
217,Super Mario World: Super Mario Advance 2,15,9-Feb-02,92,9,1,"Action,Platformer,2D",No info,28,185
218,ESPN NFL 2K5,12,20-Jul-04,92,8,12,"Sports,Traditional,Football,Sim",4 Player,42,126
219,Super Smash Bros. Melee,11,2-Dec-01,92,9.1,93,"Action,Fighting,3D",4 Player,38,866
220,Madden NFL 2003,12,12-Aug-02,92,7.2,36,"Sports,Traditional,Football,Sim",4 Player,16,18
221,Virtua Tennis,4,8-Jun-00,92,7.3,94,"Sports,Traditional,Tennis",No info,23,8
222,Rome: Total War,13,22-Sep-04,92,9.1,95,"Strategy,Real-Time,Historic,General,Historic",No Online Multiplayer,58,1340
223,Forza Motorsport 3,5,27-Oct-09,92,8.1,96,"Driving,Racing,Simulation,GT / Street,GT / Street,Automobile",Up to 8 ,90,551
224,Okami HD,13,12-Dec-17,92,7.9,16,"Action Adventure,General",No Online Multiplayer,10,192
225,Undertale,13,15-Sep-15,92,8.4,97,"Role-Playing,General,Japanese-Style",No Online Multiplayer,43,4446
226,Batman: Arkham Asylum,5,25-Aug-09,92,8.8,17,"Action Adventure,Fantasy,General,Fantasy",No Online Multiplayer,78,1253
227,Super Mario Sunshine,11,25-Aug-02,92,8.5,1,"Action,Platformer,3D",1 Player,61,756
228,SSX 3,12,20-Oct-03,92,8.2,66,"Sports,Alternative,Snowboarding",2 Player,27,29
229,SoulCalibur II,12,27-Aug-03,92,8.7,4,"Action,Fighting,3D",2 Player,39,63
230,Tony Hawk's Pro Skater,2,31-Aug-99,92,8.8,2,"Sports,Alternative,Skateboarding",2 Player,18,110
231,Thief: The Dark Project,13,30-Nov-98,92,9,98,"Action Adventure,Fantasy,General,Fantasy",1 Player,18,397
232,Fire Emblem: Awakening,16,4-Feb-13,92,9.1,73,"Strategy,Turn-Based,Fantasy,Fantasy,Tactics",No Online Multiplayer,72,1473
233,Age of Empires II: The Age of Kings,13,30-Sep-99,92,9.1,99,"Strategy,Real-Time,Historic,Historic,Command",Up to 8 ,21,1165
234,Final Fantasy X,9,17-Dec-01,92,8.9,30,"Role-Playing,Console-style RPG",1 Player,53,1673
235,Prince of Persia: The Sands of Time,11,18-Nov-03,92,8.1,83,"Action Adventure,Fantasy",1 Player,33,63
236,The Walking Dead: A Telltale Games Series,5,27-Apr-12,92,8.6,100,"Miscellaneous,Adventure,Compilation,Compilation,Point-and-Click",No Online Multiplayer,12,1224
237,Unreal Tournament (1999),13,30-Nov-99,92,9,37,"Action,Shooter,Shooter,First-Person,Sci-Fi,Sci-Fi,Arcade",32 Player,21,601
238,Sid Meier's Alpha Centauri,13,12-Feb-99,92,8.8,50,"Strategy,Turn-Based,Sci-Fi,Sci-Fi,4X",No info,19,249
239,Wave Race 64,1,1-Nov-96,92,8.3,1,"Driving,Racing,Snow / Water",2 Player,13,104
240,Divinity: Original Sin II - Definitive Edition,10,31-Aug-18,92,7.9,60,"Role-Playing,Western-Style",Up to 4 ,46,393
241,Galactic Civilizations II: Twilight of the Arnor,13,30-Apr-08,92,8.3,101,"Strategy,Turn-Based,Sci-Fi,Sci-Fi,4X",1 Player,19,138
242,Super Smash Bros. for Wii U,14,21-Nov-14,92,8.9,102,"Action,Fighting,Fighting,3D,2D,2D,3D",Up to 8 ,77,2035
243,Guitar Hero II,9,7-Nov-06,92,8.4,74,"Miscellaneous,Rhythm,Music",2 Player,69,146
244,Final Fantasy VII,2,3-Sep-97,92,9.1,30,"Role-Playing,Console-style RPG",1 Player,20,2118
245,Rock Band,3,20-Nov-07,92,8.1,74,"Action,Miscellaneous,Rhythm,Music,Music",4  Online,35,124
246,Chrono Trigger,17,25-Nov-08,92,9.1,103,"Role-Playing,Console-style RPG,Console-style RPG,Japanese-Style",No Online Multiplayer,57,653
247,Bayonetta 2,8,16-Feb-18,92,8.5,104,"Action Adventure,Linear",No Online Multiplayer,31,442
248,Journey,3,13-Mar-12,92,8.8,105,"Action,Adventure,General,Platformer,Platformer,3D,3D",No Online Multiplayer,78,1517
249,Xenoblade Chronicles,6,6-Apr-12,92,9.2,106,"Role-Playing,Action RPG,Console-style RPG,Action RPG",No Online Multiplayer,59,1337
250,Conker's Bad Fur Day,1,4-Mar-01,92,9,8,"Action,Platformer,3D",No info,19,355
251,Medal of Honor,2,31-Oct-99,92,8.8,107,"Action,Shooter,First-Person,Historic",2 Player,17,156
252,PaRappa the Rapper,2,31-Oct-97,92,7.6,108,"Miscellaneous,Rhythm,Music",1 Player,15,79
253,Rock Band 2,5,14-Sep-08,92,8.1,74,"Action,Miscellaneous,Rhythm,Music,Music",4 Player,69,164
254,Mario Kart 8 Deluxe,8,28-Apr-17,92,8.6,1,"Other,Racing,Arcade,Automobile",Up to 12 ,95,1952
255,The ICO & Shadow of the Colossus Collection,3,27-Sep-11,92,8.7,109,"Miscellaneous,Action Adventure,Fantasy,Compilation,Compilation",No Online Multiplayer,58,658
256,Rayman Origins,6,15-Nov-11,92,8.5,110,"Action,Action Adventure,Platformer,Fantasy,Platformer,2D,2D",4 Player,13,172
257,Metroid Prime 2: Echoes,11,15-Nov-04,92,8.8,9,"Action,Shooter,First-Person,Sci-Fi",4 Player,60,387
258,Out of the Park Baseball 17,13,22-Mar-16,92,3.3,111,"Sports,Baseball,Sim,Team",No info,8,237
259,Metroid Fusion,15,17-Nov-02,92,9,1,"Action Adventure,Sci-Fi",1 Player,44,313
260,The Witcher 3: Wild Hunt - Blood and Wine,13,30-May-16,92,9.3,52,"Role-Playing,Action RPG",No info,50,3088
261,Final Fantasy VI Advance,15,5-Feb-07,92,8.7,103,"Role-Playing,Console-style RPG",2 Player,25,412
262,Rayman Legends,14,3-Sep-13,92,8.7,112,"Action,Platformer,Platformer,2D,2D",No Online Multiplayer,35,539
263,Tiger Woods PGA Tour 2003,13,31-Oct-02,92,5.1,113,"Sports,Traditional,Individual,Golf,Sim,Sim",8 Player,14,37
264,Madden NFL 2005,12,9-Aug-04,91,7.4,36,"Sports,Traditional,Football,Sim",2  Online,39,30
265,Super Street Fighter IV,5,27-Apr-10,91,7.7,16,"Action,Fighting,Fighting,3D,2D,3D",Up to 8 ,55,129
266,Pac-Man Championship Edition DX,3,23-Nov-10,91,7.8,58,"Adventure,General,Action,General,General,Arcade",No info,25,91
267,Rock Band 2,3,19-Oct-08,91,8,74,"Action,Miscellaneous,Rhythm,Music,Music",4  Online,24,98
268,Microsoft Flight Simulator,13,18-Aug-20,91,7.2,114,"Simulation,Flight,Civilian",Online Multiplayer,64,1123
269,Dark Souls II,5,11-Mar-14,91,7.9,86,"Action RPG,Role-Playing,Action RPG",Up to 4 ,30,1035
270,Dishonored,13,8-Oct-12,91,8.4,115,"Action Adventure,Modern,General,Modern",No Online Multiplayer,29,4336
271,ESPN NFL Football,9,3-Sep-03,91,8.5,12,"Sports,Traditional,Football,Sim",16 Player,20,25
272,Medal of Honor: Allied Assault,13,20-Jan-02,91,8.6,2015,"Action,Shooter,Shooter,First-Person,Historic,Historic,Arcade",No info,34,509
273,Myth: The Fallen Lords,13,31-Oct-97,91,8.5,41,"Strategy,Real-Time,Fantasy,General,Fantasy",16 Player,9,93
274,LittleBigPlanet 2,3,18-Jan-11,91,8.6,116,"Action,Platformer,Platformer,3D,2D,3D",4  Online,86,754
275,INSIDE,8,28-Jun-18,91,8.5,82,"Action,Platformer,2D",No Online Multiplayer,30,182
276,Guitar Hero,9,7-Nov-05,91,8.6,74,"Miscellaneous,Rhythm,Music",2 Player,65,203
277,World of Warcraft: Wrath of the Lich King,13,13-Nov-08,91,7.9,47,"Role-Playing,Massively Multiplayer Online,Massively Multiplayer,Fantasy,Fantasy",Massively Multiplayer,47,1294
278,Rock Band 3,6,26-Oct-10,91,6.9,117,"Action,Miscellaneous,Rhythm,Music,Music",No info,10,39
279,Metroid Prime Trilogy,6,24-Aug-09,91,9,9,"Action,Miscellaneous,Shooter,Compilation,Compilation,First-Person,Sci-Fi",No Online Multiplayer,48,412
280,Overwatch,13,23-May-16,91,6.5,47,"General,Action,Shooter,First-Person,Tactical",Up to 12 ,64,5896
281,F1 Challenge '99-'02,13,24-Jun-03,91,7.5,118,"Driving,Racing,Simulation,Formula One,Formula One,Automobile",8 Player,8,77
282,Tony Hawk's Pro Skater 4,11,23-Oct-02,91,8.4,2,"Sports,Alternative,Skateboarding",8 Player,19,30
283,Madden NFL 2001,9,23-Oct-00,91,7.5,24,"Sports,Traditional,Football,Sim",8 Player,25,10
284,Baldur's Gate,13,21-Dec-98,91,8.9,18,"Role-Playing,PC-style RPG,PC-style RPG,Western-Style",Up to 6 ,16,759
285,Bayonetta 2,14,20-Sep-14,91,8.9,119,"Action Adventure,Fantasy,Fantasy,Linear",No Online Multiplayer,80,1328
286,The Witcher 3: Wild Hunt,7,19-May-15,91,9.2,52,"Action RPG,Role-Playing,Action RPG",No Online Multiplayer,13,4799
287,Rock Band 3,3,26-Oct-10,91,8.1,74,"Action,Miscellaneous,Rhythm,Music,Music",No info,34,101
288,Klonoa 2: Lunatea's Veil,9,25-Jul-01,91,8.7,4,"Action,Platformer,3D",1 Player,18,113
289,IL-2 Sturmovik,13,18-Nov-01,91,8.7,120,"Simulation,Flight,WWII,WWII,Combat",32 Player,12,164
290,Mario Tennis,1,28-Aug-00,91,8.8,121,"Sports,Traditional,Tennis",No info,16,142
291,FreeSpace 2,13,30-Sep-99,91,8.7,122,"Simulation,Sci-Fi,Space,Small Spaceship,Small Spaceship,Combat",8 Player,16,152
292,Colony Wars,2,31-Oct-97,91,8.2,80,"Simulation,Sci-Fi,Small Spaceship",1 Player,12,21
293,Metal Gear Solid V: The Phantom Pain,13,1-Sep-15,91,7.8,49,"Action Adventure,Modern,Open-World",Up to 16 ,13,2520
294,Ratchet & Clank: Up Your Arsenal,9,3-Nov-04,91,9.1,123,"Action,Platformer,3D",8  Online,65,493
295,Resident Evil,11,30-Apr-02,91,9.2,16,"Action Adventure,Horror",1 Player,35,611
296,FIFA Soccer 10,3,20-Oct-09,91,7.6,24,"Sports,Traditional,Team,Soccer,Sim,Sim",No info,56,225
297,Assassin's Creed II,3,17-Nov-09,91,8.6,45,"Action Adventure,Historic,Historic,Open-World",No Online Multiplayer,70,1747
298,Metal Gear Solid 3: Snake Eater,9,17-Nov-04,91,9.1,21,"Action Adventure,Modern",1 Player,68,1523
299,Dragon Quest XI S: Echoes of an Elusive Age - Definitive Edition,8,27-Sep-19,91,8.6,92,"Role-Playing,Japanese-Style",No Online Multiplayer,50,571
300,Twisted Metal: Black,9,18-Jun-01,91,8.5,124,"Driving,Car Combat",4 Player,15,125
301,Spyro: Year of the Dragon,2,23-Oct-00,91,8.9,123,"Action,Platformer,3D",1 Player,15,345
302,Tomb Raider,2,15-Nov-96,91,8.4,125,"Action Adventure,Modern",1 Player,13,237
303,Overwatch,7,23-May-16,91,5.9,47,"Action,Shooter,First-Person,Tactical",Up to 12 ,18,917
304,Sekiro: Shadows Die Twice,7,22-Mar-19,91,8,86,"Action Adventure,General",No Online Multiplayer,31,696
305,Resident Evil 4: Wii Edition,6,19-Jun-07,91,8.9,16,"Action Adventure,Horror,Horror,Survival",No Online Multiplayer,49,467
306,Shadow of the Colossus,9,18-Oct-05,91,9.1,126,"Action Adventure,Fantasy",1 Player,77,1325
307,Forza Horizon 3,7,23-Sep-16,91,8,84,"Racing,Simulation,Automobile",Up to 12 ,91,1130
308,Peggle,3,19-Nov-09,91,7.4,127,"Miscellaneous,Puzzle,Action,Puzzle,Puzzle,Action",No info,10,65
309,The Legend of Zelda: Ocarina of Time / Master Quest,11,28-Feb-03,91,8.9,1,"Action Adventure,Fantasy",1 Player,10,181
310,Borderlands 2,3,18-Sep-12,91,8.2,128,"Action,Shooter,Shooter,First-Person,Sci-Fi,Sci-Fi,Arcade",Up to 4 ,25,996
311,Sonic Mania Plus,8,17-Jul-18,91,8,129,"Action,Platformer,2D",Up to 4 ,24,292
312,Tom Clancy's Splinter Cell,13,19-Feb-03,91,8.5,45,"Action Adventure,Modern,General,Modern",No Online Multiplayer,20,408
313,Dead Cells,7,7-Aug-18,91,8,130,"Action,Platformer,2D",No Online Multiplayer,18,114
314,Kentucky Route Zero - Act III,13,6-May-14,91,6.7,131,"Adventure,General",No info,7,165
315,NCAA Football 2003,9,20-Jul-02,91,8.4,24,"Sports,Traditional,Football,Sim",8 Player,19,27
316,Crysis,13,13-Nov-07,91,8.1,132,"Action,Shooter,Shooter,First-Person,Sci-Fi,Sci-Fi,Arcade",No Online Multiplayer,56,2503
317,Ninja Gaiden,12,2-Mar-04,91,8.8,42,"Action Adventure,Fantasy",1 Player,89,182
318,God of War: Chains of Olympus,19,4-Mar-08,91,8.5,133,"Action Adventure,Fantasy,Fantasy,Linear",No Online Multiplayer,79,816
319,Final Fantasy XIV: Shadowbringers,10,2-Jul-19,91,8.4,92,"Role-Playing,Massively Multiplayer",No info,18,276
320,DOA2: Hardcore,9,25-Oct-00,91,8,42,"Action,Fighting,3D",4 Player,20,62
321,World of Warcraft: The Burning Crusade,13,16-Jan-07,91,8.1,47,"Role-Playing,Massively Multiplayer Online,Massively Multiplayer,Fantasy,Fantasy",Massively Multiplayer,46,1041
322,MLB 10: The Show,3,2-Mar-10,91,8.2,134,"Sports,Traditional,Team,Baseball,Sim,Sim",2 Player,33,112
323,Shadow of the Colossus,10,6-Feb-18,91,7.8,109,"Action Adventure,General",No Online Multiplayer,100,2114
324,Yoshi's Island: Super Mario Advance 3,15,24-Sep-02,91,8.9,1,"Action,Platformer,2D",4 Player,26,162
325,The Witcher 3: Wild Hunt - Blood and Wine,10,30-May-16,91,9.1,52,"Role-Playing,Action RPG",No info,27,1640
326,Tiger Woods PGA Tour 2005,13,20-Sep-04,91,3.9,113,"Sports,Traditional,Individual,Golf,Sim,Sim",8 Player,16,49
327,ESPN NFL Football,12,3-Sep-03,91,7.8,12,"Sports,Traditional,Football,Sim",4 Player,25,51
328,NCAA Football 2003,11,20-Jul-02,91,6.6,24,"Sports,Traditional,Football,Sim",2 Player,11,8
329,The Longest Journey,13,16-Nov-00,91,8.7,135,"Adventure,Third-Person,Point-and-Click,Fantasy,Fantasy",1 Player,26,523
330,Tony Hawk's Pro Skater 2,13,25-Oct-00,91,8.5,2,"Sports,Alternative,Individual,Skateboarding,Skateboarding,Skate / Skateboard",4 Player,22,204
331,Star Wars Jedi Knight: Dark Forces II,13,9-Oct-97,91,8.6,44,"Action,Shooter,Shooter,First-Person,Sci-Fi,Arcade",Up to 32 ,10,199
332,Batman: Arkham Asylum,13,15-Sep-09,91,8.7,17,"Action Adventure,Fantasy,General,Fantasy",No Online Multiplayer,29,2391
333,Halo: Reach,5,14-Sep-10,91,8.2,136,"Action,Shooter,Shooter,First-Person,Sci-Fi,Sci-Fi,Arcade",4 Player,99,2486
334,Galactic Civilizations II: Dark Avatar,13,14-Feb-07,91,7.8,101,"Strategy,Turn-Based,Sci-Fi,Sci-Fi,4X",1 Player,22,49
335,Mass Effect,5,20-Nov-07,91,8.7,18,"Role-Playing,Action RPG,Console-style RPG,Japanese-Style,Western-Style",No Online Multiplayer,74,1913
336,The Operative: No One Lives Forever,13,11-Nov-00,91,8.7,137,"Action,Shooter,Shooter,First-Person,Modern,Modern,Arcade",16 Player,32,216
337,Crusader Kings III,13,1-Sep-20,91,8.4,138,"Strategy,Real-Time,General",Online Multiplayer,59,297
338,Forza Motorsport 4,5,11-Oct-11,91,8.3,96,"Driving,Racing,Simulation,GT / Street,GT / Street,Automobile",Up to 16 ,83,673
339,Resident Evil,2,30-Mar-96,91,9,16,"Action Adventure,Horror",1 Player,8,526
340,Battlefield 2,13,21-Jun-05,91,8.4,139,"Action,Shooter,Shooter,First-Person,Tactical,Modern,Modern",64  Online,55,1017
341,God of War Collection,3,17-Nov-09,91,8.7,109,"Miscellaneous,Action Adventure,Fantasy,Compilation,Compilation",No Online Multiplayer,50,678
342,Celeste,10,25-Jan-18,91,7.2,34,"Action,Platformer,2D",No Online Multiplayer,7,321
343,Madden NFL 2005,9,9-Aug-04,91,8,36,"Sports,Traditional,Football,Sim",2  Online,30,83
344,Tony Hawk's Pro Skater 3,11,13-Nov-01,91,8.4,2,"Sports,Alternative,Skateboarding",No info,27,34
345,Street Fighter IV,13,1-Jul-09,91,7.8,16,"Action,Fighting,Fighting,3D,2D,3D",2  Online,23,414
346,Fallout 3,13,28-Oct-08,91,7.8,19,"Role-Playing,First-Person,First-Person,Western-Style",No Online Multiplayer,48,4462
347,Batman: Arkham City,13,21-Nov-11,91,8.7,17,"Action Adventure,Fantasy,Fantasy,Open-World",No info,27,2464
348,Fez,13,1-May-13,91,6.7,140,"Action,Platformer,Platformer,2D,2D",No Online Multiplayer,11,1158
349,Planescape: Torment,13,14-Dec-99,91,9.2,141,"Role-Playing,General,PC-style RPG,Western-Style",No Online Multiplayer,22,1049
350,Gears of War 3,5,20-Sep-11,91,8,37,"Action,Shooter,Shooter,Third-Person,Sci-Fi,Sci-Fi,Arcade",Up to 10 ,96,1750
351,Killzone 2,3,27-Feb-09,91,8.1,142,"Action,Shooter,Shooter,First-Person,Sci-Fi,Sci-Fi,Arcade",Up to 32 ,94,1672
352,Neverwinter Nights,13,16-Jun-02,91,8.1,18,"Role-Playing,PC-style RPG,PC-style RPG,Western-Style",Online Multiplayer,34,610
353,Batman: Arkham Asylum,3,25-Aug-09,91,8.9,17,"Action Adventure,Fantasy,General,Fantasy",No Online Multiplayer,70,1498
354,Castlevania: Aria of Sorrow,15,6-May-03,91,8.8,71,"Action,Platformer,2D",2 Player,29,185
355,No One Lives Forever 2: A Spy in H.A.R.M.'s Way,13,30-Sep-02,91,8.7,137,"Action,Shooter,Shooter,First-Person,Modern,Modern,Arcade",No info,29,241
356,INSIDE,10,23-Aug-16,91,8.4,82,"Action,Platformer,2D",No info,18,785
357,Legacy of Kain: Soul Reaver,2,16-Aug-99,91,8.9,143,"Action Adventure,Horror",1 Player,17,205
358,Dragon Age: Origins,13,3-Nov-09,91,8.7,18,"Role-Playing,PC-style RPG,PC-style RPG,Western-Style",No Online Multiplayer,67,4378
359,Golden Sun,15,11-Nov-01,91,9,121,"Role-Playing,Console-style RPG",2 Player,29,285
360,Rayman Legends,3,3-Sep-13,91,8.7,112,"Action,Platformer,Platformer,2D,2D",No Online Multiplayer,23,361
361,F1 2020,7,10-Jul-20,91,7.1,144,"Racing,Simulation,Automobile",2 Player,20,84
362,Mark of the Ninja,13,16-Oct-12,91,8,145,"Action,Platformer,Platformer,2D,2D",No Online Multiplayer,14,1077
363,Disco Elysium,13,15-Oct-19,91,8.4,146,"Role-Playing,General",No Online Multiplayer,64,804
364,World Soccer Winning Eleven 8 International,9,1-Feb-05,91,8.3,71,"Sports,Traditional,Soccer,Sim",8 Player,26,50
365,SteamWorld Heist: Ultimate Edition,8,28-Dec-17,91,8.5,147,"Strategy,Turn-Based,General",No Online Multiplayer,9,140
366,The Legend of Zelda: A Link Between Worlds,16,22-Nov-13,91,9,1,"Action RPG,Role-Playing,Action Adventure,General,Action RPG,Open-World",No Online Multiplayer,81,1505
367,Spelunky 2,13,29-Sep-20,91,7,148,"Action,Platformer,2D",Online Multiplayer,15,52
368,NieR: Automata - Game of the YoRHa Edition,10,26-Feb-19,91,8.6,119,"Role-Playing,Action RPG",No Online Multiplayer,10,468
369,Dark Souls II,13,25-Apr-14,91,7.2,86,"Action RPG,Role-Playing,Action RPG",Up to 4 ,36,2703
370,Castlevania: Circle of the Moon,15,10-Jun-01,91,8.5,149,"Action,Platformer,2D",1 Player,22,90
371,Resident Evil 2,10,25-Jan-19,91,8.9,81,"Action Adventure,Survival",No Online Multiplayer,85,3507
372,Far Cry 3,5,4-Dec-12,91,8.6,45,"Action,Shooter,Shooter,First-Person,Modern,Modern,Arcade",Up to 4 ,39,1406
373,Dark Souls II,3,11-Mar-14,91,8.1,86,"Action RPG,Role-Playing,Action RPG",Up to 4 ,69,1266
374,Shovel Knight: Treasure Trove,8,3-Mar-17,91,8.2,150,"Action,Platformer,2D",No Online Multiplayer,17,425
375,flower,10,15-Nov-13,91,7.3,109,"General,Miscellaneous,General",1 Player,11,716
376,Mario Kart DS,17,14-Nov-05,91,8.7,1,"Driving,Racing,Arcade,Kart,Kart,Automobile",No Online Multiplayer,64,657
377,Call of Duty,13,29-Oct-03,91,8.5,31,"Action,Shooter,Shooter,First-Person,Third-Person,Historic,Tactical,Historic,Arcade",32 Player,44,1035
378,Madden NFL 2004,13,12-Aug-03,91,7.1,36,"Sports,Traditional,Team,Football,Sim,Sim",8 Player,13,28
379,Mario Golf,1,30-Jun-99,91,8,121,"Sports,Traditional,Golf,Arcade",4 Player,14,38
380,Crash Bandicoot 3: Warped,2,31-Oct-98,91,9,15,"Action,Platformer,3D",1 Player,12,705
381,Assassin's Creed II,5,17-Nov-09,90,8.8,45,"Action Adventure,Historic,Historic,Open-World",No Online Multiplayer,82,1653
382,Project Gotham Racing 2,12,17-Nov-03,90,8.7,151,"Driving,Racing,GT / Street",8  Online,50,86
383,NBA 2K12,3,4-Oct-11,90,6.7,12,"Sports,Traditional,Team,Basketball,Sim,Sim",Up to 10 ,38,134
384,The Sims 2,13,14-Sep-04,90,8.7,88,"Simulation,Miscellaneous,Virtual Life,Virtual,Virtual Life",No Online Multiplayer,61,891
385,Animal Crossing: New Horizons,8,20-Mar-20,90,5.4,1,"Simulation,Virtual,Virtual Life",Up to 8 ,110,5736
386,Final Fantasy XIV: Shadowbringers,13,2-Jul-19,90,9,92,"Role-Playing,Massively Multiplayer",No info,25,631
387,World of Warcraft: Cataclysm,13,7-Dec-10,90,5.7,47,"Role-Playing,Massively Multiplayer Online,Massively Multiplayer,Fantasy,Fantasy",Massively Multiplayer,53,1163
388,Half-Life 2,12,15-Nov-05,90,8.4,13,"Action,Shooter,First-Person,Sci-Fi",1 Player,35,147
389,NCAA Football 2003,12,20-Jul-02,90,7.3,24,"Sports,Traditional,Football,Sim",4 Player,14,15
390,Rayman 2: The Great Escape,1,31-Oct-99,90,8.8,112,"Action,Platformer,3D",1 Player,12,94
391,Bayonetta,5,5-Jan-10,90,8.1,119,"Action,Action Adventure,Beat-'Em-Up,Fantasy,Beat-'Em-Up,Linear",No Online Multiplayer,86,718
392,Diablo III: Ultimate Evil Edition,10,19-Aug-14,90,7.9,47,"Action RPG,Role-Playing,Action RPG",Up to 4 ,63,1411
393,Overwatch,10,23-May-16,90,6.4,47,"Action,Shooter,First-Person,Tactical",Up to 12 ,31,2139
394,Far Cry 3,3,4-Dec-12,90,8.5,45,"Action,Shooter,Shooter,First-Person,Modern,Modern,Arcade",Up to 4 ,32,1235
395,ICO,9,24-Sep-01,90,8.8,126,"Action Adventure,Fantasy",1 Player,59,458
396,Tom Clancy's Ghost Recon Advanced Warfighter,5,9-Mar-06,90,7.9,152,"Action,Shooter,Shooter,First-Person,Tactical,Modern,Modern",16 Player,78,228
397,FIFA Soccer 12,3,27-Sep-11,90,7.2,118,"Sports,Traditional,Team,Soccer,Sim,Sim",No info,44,355
398,World of Goo,13,12-Oct-08,90,8.4,28,"Miscellaneous,Puzzle,Action,Puzzle,General,Puzzle,General",No Online Multiplayer,26,720
399,Mario & Luigi: Superstar Saga,15,17-Nov-03,90,8.9,153,"Role-Playing,Console-style RPG",4 Player,42,229
400,Shovel Knight,10,21-Apr-15,90,7.7,150,"Action,Platformer,2D",No info,18,421
401,Tony Hawk's Underground,9,27-Oct-03,90,8.7,2,"Sports,Alternative,Skateboarding",8 Player,38,156
402,Marvel vs. 16 2,4,29-Jun-00,90,8.8,16,"Action,Fighting,2D",No info,22,87
403,Ape Escape,2,31-May-99,90,8.5,154,"Action,Platformer,3D",1 Player,19,79
404,Syphon Filter,2,31-Jan-99,90,8.8,155,"Action,Shooter,Third-Person,Modern",1 Player,19,155
405,Mario & Luigi: Bowser's Inside Story,17,14-Sep-09,90,8.8,153,"Role-Playing,Action RPG,Console-style RPG,Console-style RPG,Japanese-Style",No Online Multiplayer,58,366
406,Trials Evolution,5,18-Apr-12,90,8,156,"Driving,Racing,Simulation,Motorcycle,Automobile,Street,Street",No info,77,278
407,Grand Theft Auto IV: The Lost and Damned,5,17-Feb-09,90,8,3,"Action Adventure,Modern,Modern,Open-World",No info,79,345
408,FIFA Soccer 12,5,27-Sep-11,90,6.8,118,"Sports,Traditional,Team,Soccer,Sim,Sim",No info,69,346
409,Monster Hunter: World - Iceborne,7,6-Sep-19,90,8.2,16,"Role-Playing,Action RPG",No info,9,72
410,Spelunky,13,8-Aug-13,90,7.2,157,"Action,Platformer,Platformer,2D,2D",No Online Multiplayer,9,529
411,FIFA Soccer 10,5,20-Oct-09,90,7.4,24,"Sports,Traditional,Team,Soccer,Sim,Sim",Up to 20 ,63,143
412,Ratchet & Clank: Going Commando,9,11-Nov-03,90,8.9,123,"Action,Platformer,3D",1 Player,46,350
413,NBA Street Vol. 2,9,28-Apr-03,90,8.7,118,"Sports,Traditional,Basketball,Arcade",4 Player,31,80
414,Tennis 2K2,4,24-Oct-01,90,7.8,94,"Sports,Traditional,Tennis",No info,13,21
415,Black & White,13,26-Mar-01,90,7.7,158,"Strategy,Real-Time,Fantasy,General,Fantasy",No info,34,360
416,Fallout 3,3,28-Oct-08,90,7.9,19,"Role-Playing,First-Person,First-Person,Western-Style",No Online Multiplayer,57,1067
417,The Legend of Zelda: The Wind Waker HD,14,20-Sep-13,90,9,159,"Action Adventure,Fantasy,Fantasy,Open-World",No Online Multiplayer,70,1281
418,ESPN NFL 2K5,9,20-Jul-04,90,8.4,12,"Sports,Traditional,Football,Sim",2 Player,37,98
419,Portal,13,10-Oct-07,90,9.2,13,"Action,Shooter,Shooter,First-Person,Sci-Fi,Sci-Fi,Arcade",1 Player,27,5187
420,Tetris Effect,13,23-Jul-19,90,6.6,160,"Puzzle,Stacking",No Online Multiplayer,11,96
421,The Legend of Zelda: Phantom Hourglass,17,1-Oct-07,90,8,1,"Action Adventure,Fantasy,Fantasy,Open-World",2 Player,57,533
422,MVP Baseball 2004,9,9-Mar-04,90,8.5,24,"Sports,Traditional,Baseball,Sim",2 Player,28,55
423,Tony Hawk's Pro Skater 3,15,4-Mar-02,90,7,25,"Sports,Alternative,Skateboarding",No info,20,8
424,Dance Dance Revolution,2,9-May-01,90,8.4,76,"Miscellaneous,Rhythm,Dancing",2 Player,8,104
425,NHL 2001,13,28-Sep-00,90,6.6,24,"Sports,Traditional,Team,Ice Hockey,Sim,Sim",8 Player,22,47
426,Advance Wars: Dual Strike,17,22-Aug-05,90,8.9,73,"Strategy,Turn-Based,Modern,Modern,Tactics",No Online Multiplayer,49,198
427,Rayman Legends,10,18-Feb-14,90,8.4,112,"Platformer,2D,Action,Platformer,2D",No Online Multiplayer,16,885
428,MLB 11: The Show,3,8-Mar-11,90,8,161,"Sports,Traditional,Team,Baseball,Sim,Sim",Up to 4 ,30,87
429,NieR: Automata - Become as Gods Edition,7,26-Jun-18,90,9,119,"Role-Playing,Action RPG",No Online Multiplayer,30,504
430,Jak and Daxter: The Precursor Legacy,9,3-Dec-01,90,8.8,15,"Action,Platformer,3D",1 Player,35,466
431,Star Wars Rogue Leader: Rogue Squadron II,11,9-Nov-01,90,8.6,162,"Simulation,Sci-Fi,Small Spaceship",1 Player,45,108
432,Bastion,8,13-Sep-18,90,7.7,59,"Role-Playing,Action RPG",No Online Multiplayer,7,93
433,Monster Hunter: World,7,26-Jan-18,90,7.1,16,"Role-Playing,Action RPG",Up to 4 ,17,426
434,Stephen's Sausage Roll,13,18-Apr-16,90,5.4,163,"Puzzle,Action,General",No Online Multiplayer,9,93
435,Velocity 2X,18,2-Sep-14,90,7.2,164,"Shooter,Scrolling,Action,General,Shooter,Scrolling,Shoot-'Em-Up,Vertical",No info,10,152
436,Burnout Revenge,9,13-Sep-05,90,8.8,46,"Driving,Racing,Arcade",6  Online,52,172
437,Tony Hawk's Pro Skater 3,13,28-Mar-02,90,8.4,128,"Sports,Alternative,Individual,Skateboarding,Skateboarding,Skate / Skateboard",Up to 8 ,15,117
438,NBA 2K2,11,20-Mar-02,90,7.3,12,"Sports,Traditional,Basketball,Sim",4 Player,13,4
439,NCAA Football 2002,9,23-Jul-01,90,8.4,24,"Sports,Traditional,Football,Sim",8 Player,18,24
440,Unreal Tournament,4,13-Mar-01,90,8.8,165,"Action,Shooter,First-Person,Sci-Fi",No info,17,23
441,Deus Ex,13,23-Jun-00,90,9.2,166,"Action Adventure,Sci-Fi,Sci-Fi,General",Online Multiplayer,28,1350
442,Donkey Kong 64,1,31-Oct-99,90,8.6,8,"Action,Platformer,3D",4 Player,14,260
443,Panzer Dragoon Orta,12,12-Jan-03,90,8.4,43,"Action,Shooter,Rail",1 Player,41,80
444,Portal: Still Alive,5,22-Oct-08,90,8.3,13,"Action,Shooter,Shooter,First-Person,Sci-Fi,Sci-Fi,Arcade",1 Player,21,243
445,Half-Life 2: Episode Two,13,10-Oct-07,90,9.1,13,"Action,Shooter,Shooter,First-Person,Sci-Fi,Sci-Fi,Arcade",1 Player,21,2349
446,Fez,10,25-Mar-14,90,6.4,167,"Action,Platformer,Platformer,2D,2D",No Online Multiplayer,17,549
447,Braid,13,10-Apr-09,90,8.6,61,"Action,Platformer,Platformer,2D,2D",No Online Multiplayer,11,936
448,The Chronicles of Riddick: Escape From Butcher Bay - Developer's Cut,13,8-Dec-04,90,8.6,169,"Action,Shooter,Shooter,First-Person,Sci-Fi,Sci-Fi,Arcade",1 Player,38,340
449,Shin Megami Tensei: Persona 4,9,8-Dec-08,90,7.6,170,"Role-Playing,Console-style RPG",1 Player,47,844
450,Hollow Knight,8,12-Jun-18,90,8.9,171,"Action Adventure,General",No Online Multiplayer,27,1174
451,MLB 09: The Show,3,3-Mar-09,90,8.1,161,"Sports,Traditional,Team,Baseball,Sim,Sim",2 Player,27,61
452,Blast Corps,1,28-Feb-97,90,8.4,8,"Action,General",1 Player,12,55
453,Shovel Knight,16,26-Jun-14,90,8.3,150,"Platformer,2D,Action,Platformer,2D",No Online Multiplayer,9,282
454,Ori and the Will of the Wisps,7,11-Mar-20,90,8.8,62,"Action,Platformer,2D",No Online Multiplayer,71,1440
455,MVP Baseball 2004,12,9-Mar-04,90,7.8,24,"Sports,Traditional,Baseball,Sim",2 Player,31,23
456,Tony Hawk's Pro Skater 4,12,23-Oct-02,90,8.4,2,"Sports,Alternative,Skateboarding",2 Player,25,20
457,Sid Meier's Civilization III,13,30-Oct-01,90,8.4,50,"Strategy,Turn-Based,Historic,Historic,4X",1 Player,24,325
458,NFL 2K2,4,19-Sep-01,90,8.2,12,"Sports,Traditional,Football,Sim",No info,12,10
459,WWF SmackDown! 2: Know Your Role,2,21-Nov-00,90,8.4,172,"Action,Fighting,Wrestling",4 Player,15,56
460,LIMBO,5,21-Jul-10,90,8.4,82,"Action,Platformer,Platformer,2D,2D",No info,89,502
461,Ori and the Blind Forest: Definitive Edition,8,27-Sep-19,90,8.6,62,"Action,Platformer,2D",No Online Multiplayer,19,293
462,Mark of the Ninja,5,7-Sep-12,90,7.4,145,"Adventure,Text,Action,Platformer,Platformer,2D,2D",1 Player,51,215
463,Silent Hunter III,13,15-Mar-05,90,7.8,83,"Simulation,Submarine,Submarine,Marine,Combat",8  Online,23,109
464,Bayonetta,13,11-Apr-17,90,8.1,119,"Action Adventure,Linear",No Online Multiplayer,17,488
465,Assassin's Creed: Brotherhood,3,16-Nov-10,90,8.3,45,"Action Adventure,Historic,Historic,Open-World",Up to 8 ,59,1092
466,Okami,6,15-Apr-08,90,8.8,133,"Action Adventure,Fantasy,General,Fantasy",No Online Multiplayer,44,269
467,Super Meat Boy,5,20-Oct-10,90,8,174,"Action,Platformer,Platformer,2D,2D",1 Player,51,293
468,Grand Theft Auto: Chinatown Wars,19,20-Oct-09,90,7.4,56,"Action Adventure,Modern,Modern,Open-World",No info,77,202
469,Dead Space 2,5,25-Jan-11,90,8.7,175,"Action,Shooter,Shooter,Third-Person,Sci-Fi,Sci-Fi,Arcade",Up to 8 ,83,791
470,Pikmin 2,11,30-Aug-04,90,9,1,"Strategy,Real-Time,Fantasy",2 Player,54,200
471,Okami HD,3,30-Oct-12,90,8.9,176,"Fantasy,Fantasy,Action Adventure,General",No Online Multiplayer,44,386
472,NBA 2K17,7,16-Sep-16,90,5.9,12,"Sports,Team,Basketball,Sim",No info,17,133
473,Madden NFL 2002,12,29-Oct-01,90,7.6,24,"Sports,Traditional,Football,Sim",4 Player,16,11
474,Grandia II,4,6-Dec-00,90,8.7,53,"Role-Playing,Console-style RPG",No info,17,80
475,Geometry Wars: Retro Evolved 2,5,30-Jul-08,90,8.3,151,"Action,Shooter,Shooter,Static,Static,Shoot-'Em-Up,Top-Down",4 Player,52,92
476,Sid Meier's Civilization V,13,21-Sep-10,90,8,50,"Strategy,Turn-Based,Historic,Historic,4X",Up to 4 ,70,2736
477,Super Mario 3D Land,16,13-Nov-11,90,8.4,1,"Action,Platformer,Platformer,3D,3D",No Online Multiplayer,82,1239
478,Mario Kart 8 DLC Pack 2,14,23-Apr-15,90,8.9,1,"Driving,Kart,Racing,Arcade,Automobile",No info,11,303
479,Falcon 4.0: Allied Force,13,28-Jun-05,90,7.8,177,"Simulation,Flight,Modern Jet,Modern Jet,Combat",16  Online,7,40
480,Deus Ex: Human Revolution,13,23-Aug-11,90,8.5,178,"Action,Action Adventure,Shooter,Sci-Fi,Sci-Fi,General,First-Person,Sci-Fi",No Online Multiplayer,52,3582
481,XCOM: Enemy Unknown,5,9-Oct-12,90,8.3,50,"Strategy,Turn-Based,General,Sci-Fi,Sci-Fi,General,Tactics",2 Player,35,394
482,Metroid Prime 3: Corruption,6,27-Aug-07,90,8.8,9,"Action,Shooter,Shooter,First-Person,Sci-Fi,Sci-Fi,Arcade",No Online Multiplayer,62,612
483,Monster Hunter: World,10,26-Jan-18,90,7.7,16,"Role-Playing,Action RPG",Up to 4 ,93,1741
484,Flight Simulator 2002,13,19-Oct-01,90,7.3,89,"Simulation,Flight,Civilian Plane,Civilian",No info,9,44
485,Banjo-Tooie,1,19-Nov-00,90,8.8,8,"Action,Platformer,3D",No info,15,222
486,Brothers: A Tale of Two Sons,13,3-Sep-13,90,8.5,169,"Action Adventure,Fantasy,Fantasy,Linear",No Online Multiplayer,9,1460
487,Dota 2,13,9-Jul-13,90,6.5,13,"General,Fantasy,MOBA,Strategy,Real-Time,MOBA",Up to 10 ,33,11474
488,World Soccer Winning Eleven 8 International,12,2-Feb-05,90,7.7,71,"Sports,Traditional,Soccer,Sim",4 Player,25,13
489,TimeSplitters 2,9,9-Oct-02,90,8.8,179,"Action,Shooter,First-Person,Sci-Fi",16 Player,33,160
490,Guild Wars 2,13,28-Aug-12,90,8.1,180,"General,Role-Playing,Massively Multiplayer Online,Massively Multiplayer,Fantasy,Fantasy",Massively Multiplayer,69,3065
491,Forza Motorsport 2,5,29-May-07,90,8.3,96,"Driving,Racing,Simulation,GT / Street,GT / Street,Automobile",8  Online,66,401
492,Tales From The Borderlands: Episode 5 - The Vault of the Traveler,10,20-Oct-15,90,7.9,100,"Adventure,General",No info,7,181
493,Pushmo,16,8-Dec-11,90,8.3,73,"Miscellaneous,Puzzle,Action,Puzzle,Action",1 Player,31,208
494,The Witcher 3: Wild Hunt - Hearts of Stone,10,12-Oct-15,90,9,52,"Role-Playing,Action RPG",No info,25,1704
495,Metal Gear Solid HD Collection,5,8-Nov-11,90,8.8,109,"Miscellaneous,Compilation,Compilation",Up to 6 ,19,215
496,Viewtiful Joe,9,24-Aug-04,90,8.3,69,"Action,Beat-'Em-Up",1 Player,34,47
497,Madden NFL 2005,11,9-Aug-04,90,tbd,36,"Sports,Traditional,Football,Sim",4 Player,26,0
498,Tiger Woods PGA Tour 2003,11,27-Oct-02,90,6.7,24,"Sports,Traditional,Golf,Sim",4 Player,10,6
499,Freedom Force,13,24-Mar-02,90,7.7,29,"Role-Playing,Action RPG,Action RPG",4 Player,27,87
500,NBA 2K2,12,27-Feb-02,90,7.6,12,"Sports,Traditional,Basketball,Sim",4 Player,17,5
